<metadata xml:lang="en"><Esri><CreaDate>20240826</CreaDate><CreaTime>19360900</CreaTime><ArcGISFormat>1.0</ArcGISFormat><SyncOnce>FALSE</SyncOnce><DataProperties><itemProps><itemName Sync="TRUE">Roads_All</itemName><imsContentType Sync="TRUE">002</imsContentType><itemLocation><linkage Sync="TRUE">file://\\RYANSMAGICBOX\C$\Users\rylim\Documents\GitHub\ATUR-KARST\data\vectors\Roads_All.shp</linkage><protocol Sync="TRUE">Local Area Network</protocol></itemLocation><itemSize Sync="TRUE">0.000</itemSize></itemProps><coordRef><type Sync="TRUE">Projected</type><geogcsn Sync="TRUE">GCS_NAD_1983_2011</geogcsn><csUnits Sync="TRUE">Linear Unit: Meter (1.000000)</csUnits><projcsn Sync="TRUE">NAD_1983_2011_UTM_Zone_12N</projcsn><peXml Sync="TRUE">&lt;ProjectedCoordinateSystem xsi:type='typens:ProjectedCoordinateSystem' xmlns:xsi='http://www.w3.org/2001/XMLSchema-instance' xmlns:xs='http://www.w3.org/2001/XMLSchema' xmlns:typens='http://www.esri.com/schemas/ArcGIS/3.2.0'&gt;&lt;WKT&gt;PROJCS[&amp;quot;NAD_1983_2011_UTM_Zone_12N&amp;quot;,GEOGCS[&amp;quot;GCS_NAD_1983_2011&amp;quot;,DATUM[&amp;quot;D_NAD_1983_2011&amp;quot;,SPHEROID[&amp;quot;GRS_1980&amp;quot;,6378137.0,298.257222101]],PRIMEM[&amp;quot;Greenwich&amp;quot;,0.0],UNIT[&amp;quot;Degree&amp;quot;,0.0174532925199433]],PROJECTION[&amp;quot;Transverse_Mercator&amp;quot;],PARAMETER[&amp;quot;False_Easting&amp;quot;,500000.0],PARAMETER[&amp;quot;False_Northing&amp;quot;,0.0],PARAMETER[&amp;quot;Central_Meridian&amp;quot;,-111.0],PARAMETER[&amp;quot;Scale_Factor&amp;quot;,0.9996],PARAMETER[&amp;quot;Latitude_Of_Origin&amp;quot;,0.0],UNIT[&amp;quot;Meter&amp;quot;,1.0],AUTHORITY[&amp;quot;EPSG&amp;quot;,6341]],VERTCS[&amp;quot;NAVD_1988&amp;quot;,VDATUM[&amp;quot;North_American_Vertical_Datum_1988&amp;quot;],PARAMETER[&amp;quot;Vertical_Shift&amp;quot;,0.0],PARAMETER[&amp;quot;Direction&amp;quot;,1.0],UNIT[&amp;quot;Meter&amp;quot;,1.0],AUTHORITY[&amp;quot;EPSG&amp;quot;,5703]]&lt;/WKT&gt;&lt;XOrigin&gt;-5120900&lt;/XOrigin&gt;&lt;YOrigin&gt;-9998100&lt;/YOrigin&gt;&lt;XYScale&gt;450445547.3910538&lt;/XYScale&gt;&lt;ZOrigin&gt;-100000&lt;/ZOrigin&gt;&lt;ZScale&gt;10000&lt;/ZScale&gt;&lt;MOrigin&gt;-100000&lt;/MOrigin&gt;&lt;MScale&gt;10000&lt;/MScale&gt;&lt;XYTolerance&gt;0.001&lt;/XYTolerance&gt;&lt;ZTolerance&gt;0.001&lt;/ZTolerance&gt;&lt;MTolerance&gt;0.001&lt;/MTolerance&gt;&lt;HighPrecision&gt;true&lt;/HighPrecision&gt;&lt;WKID&gt;102059&lt;/WKID&gt;&lt;LatestWKID&gt;6341&lt;/LatestWKID&gt;&lt;VCSWKID&gt;5703&lt;/VCSWKID&gt;&lt;LatestVCSWKID&gt;5703&lt;/LatestVCSWKID&gt;&lt;/ProjectedCoordinateSystem&gt;</peXml></coordRef><lineage><Process ToolSource="c:\program files\arcgis\pro\Resources\ArcToolbox\toolboxes\Analysis Tools.tbx\PairwiseClip" Date="20240826" Time="193640">PairwiseClip "Local Roads" LakeMaryStudyArea G:\Data\Karst_test_sets\Arizona\LakeMaryLineaments.gdb\LocalRoads_LMFS #</Process><Process ToolSource="c:\program files\arcgis\pro\Resources\ArcToolbox\toolboxes\Conversion Tools.tbx\ExportFeatures" Date="20240826" Time="202258">ExportFeatures LocalRoads_LMFS C:\Users\rylim\Documents\ArcGIS\Projects\Arizona_Geologic_Map\LakeMaryVectors.gdb\Roads_Local # NOT_USE_ALIAS "permanent_identifier "Permanent_Identifier" true true false 40 Text 0 0,First,#,LocalRoads_LMFS,permanent_identifier,0,39;source_featureid "Source_FeatureID" true true false 40 Text 0 0,First,#,LocalRoads_LMFS,source_featureid,0,39;source_datasetid "Source_DatasetID" true true false 40 Text 0 0,First,#,LocalRoads_LMFS,source_datasetid,0,39;source_datadesc "Source_DataDesc" true true false 100 Text 0 0,First,#,LocalRoads_LMFS,source_datadesc,0,99;source_originator "Source_Originator" true true false 130 Text 0 0,First,#,LocalRoads_LMFS,source_originator,0,129;loaddate "LoadDate" true true false 8 Date 0 0,First,#,LocalRoads_LMFS,loaddate,-1,-1;interstate "Interstate" true true false 25 Text 0 0,First,#,LocalRoads_LMFS,interstate,0,24;us_route "US_Route" true true false 25 Text 0 0,First,#,LocalRoads_LMFS,us_route,0,24;state_route "State_Route" true true false 25 Text 0 0,First,#,LocalRoads_LMFS,state_route,0,24;county_route "County_Route" true true false 25 Text 0 0,First,#,LocalRoads_LMFS,county_route,0,24;federal_lands_route "Federal_Lands_Route" true true false 25 Text 0 0,First,#,LocalRoads_LMFS,federal_lands_route,0,24;stco_fipscode "StCo_FIPSCode" true true false 5 Text 0 0,First,#,LocalRoads_LMFS,stco_fipscode,0,4;tnmfrc "TNMFRC" true true false 4 Long 0 0,First,#,LocalRoads_LMFS,tnmfrc,-1,-1;mtfcc_code "MTFCC_Code" true true false 50 Text 0 0,First,#,LocalRoads_LMFS,mtfcc_code,0,49;interstate_a "Interstate_A" true true false 25 Text 0 0,First,#,LocalRoads_LMFS,interstate_a,0,24;interstate_b "Interstate_B" true true false 25 Text 0 0,First,#,LocalRoads_LMFS,interstate_b,0,24;interstate_c "Interstate_C" true true false 25 Text 0 0,First,#,LocalRoads_LMFS,interstate_c,0,24;us_route_a "US_Route_A" true true false 25 Text 0 0,First,#,LocalRoads_LMFS,us_route_a,0,24;us_route_b "US_Route_B" true true false 25 Text 0 0,First,#,LocalRoads_LMFS,us_route_b,0,24;us_route_c "US_Route_C" true true false 25 Text 0 0,First,#,LocalRoads_LMFS,us_route_c,0,24;state_route_a "State_Route_A" true true false 25 Text 0 0,First,#,LocalRoads_LMFS,state_route_a,0,24;state_route_b "State_Route_B" true true false 25 Text 0 0,First,#,LocalRoads_LMFS,state_route_b,0,24;state_route_c "State_Route_C" true true false 25 Text 0 0,First,#,LocalRoads_LMFS,state_route_c,0,24;name "Name" true true false 100 Text 0 0,First,#,LocalRoads_LMFS,name,0,99;Shape_Length "Shape_Length" false true true 8 Double 0 0,First,#,LocalRoads_LMFS,Shape_Length,-1,-1" #</Process><Process ToolSource="c:\program files\arcgis\pro\Resources\ArcToolbox\toolboxes\Data Management Tools.tbx\Merge" Date="20240827" Time="111704">Merge C:\Users\rylim\Documents\ArcGIS\Projects\Arizona_Geologic_Map\LakeMaryVectors.gdb\Roads_Local;C:\Users\rylim\Documents\ArcGIS\Projects\Arizona_Geologic_Map\LakeMaryVectors.gdb\Roads_closed;C:\Users\rylim\Documents\ArcGIS\Projects\Arizona_Geologic_Map\LakeMaryVectors.gdb\Roads_4WD C:\Users\rylim\Documents\ArcGIS\Projects\LakeMary_Lineaments\LakeMary_Lineaments.gdb\Vectors\Roads_All "permanent_identifier "Permanent_Identifier" true true false 40 Text 0 0,First,#,C:\Users\rylim\Documents\ArcGIS\Projects\Arizona_Geologic_Map\LakeMaryVectors.gdb\Roads_Local,permanent_identifier,0,39,C:\Users\rylim\Documents\ArcGIS\Projects\Arizona_Geologic_Map\LakeMaryVectors.gdb\Roads_closed,permanent_identifier,0,39,C:\Users\rylim\Documents\ArcGIS\Projects\Arizona_Geologic_Map\LakeMaryVectors.gdb\Roads_4WD,permanent_identifier,0,39;source_featureid "Source_FeatureID" true true false 40 Text 0 0,First,#,C:\Users\rylim\Documents\ArcGIS\Projects\Arizona_Geologic_Map\LakeMaryVectors.gdb\Roads_Local,source_featureid,0,39,C:\Users\rylim\Documents\ArcGIS\Projects\Arizona_Geologic_Map\LakeMaryVectors.gdb\Roads_closed,source_featureid,0,39,C:\Users\rylim\Documents\ArcGIS\Projects\Arizona_Geologic_Map\LakeMaryVectors.gdb\Roads_4WD,source_featureid,0,39;source_datasetid "Source_DatasetID" true true false 40 Text 0 0,First,#,C:\Users\rylim\Documents\ArcGIS\Projects\Arizona_Geologic_Map\LakeMaryVectors.gdb\Roads_Local,source_datasetid,0,39,C:\Users\rylim\Documents\ArcGIS\Projects\Arizona_Geologic_Map\LakeMaryVectors.gdb\Roads_closed,source_datasetid,0,39,C:\Users\rylim\Documents\ArcGIS\Projects\Arizona_Geologic_Map\LakeMaryVectors.gdb\Roads_4WD,source_datasetid,0,39;source_datadesc "Source_DataDesc" true true false 100 Text 0 0,First,#,C:\Users\rylim\Documents\ArcGIS\Projects\Arizona_Geologic_Map\LakeMaryVectors.gdb\Roads_Local,source_datadesc,0,99,C:\Users\rylim\Documents\ArcGIS\Projects\Arizona_Geologic_Map\LakeMaryVectors.gdb\Roads_closed,source_datadesc,0,99,C:\Users\rylim\Documents\ArcGIS\Projects\Arizona_Geologic_Map\LakeMaryVectors.gdb\Roads_4WD,source_datadesc,0,99;source_originator "Source_Originator" true true false 130 Text 0 0,First,#,C:\Users\rylim\Documents\ArcGIS\Projects\Arizona_Geologic_Map\LakeMaryVectors.gdb\Roads_Local,source_originator,0,129,C:\Users\rylim\Documents\ArcGIS\Projects\Arizona_Geologic_Map\LakeMaryVectors.gdb\Roads_closed,source_originator,0,129,C:\Users\rylim\Documents\ArcGIS\Projects\Arizona_Geologic_Map\LakeMaryVectors.gdb\Roads_4WD,source_originator,0,129;loaddate "LoadDate" true true false 8 Date 0 0,First,#,C:\Users\rylim\Documents\ArcGIS\Projects\Arizona_Geologic_Map\LakeMaryVectors.gdb\Roads_Local,loaddate,-1,-1,C:\Users\rylim\Documents\ArcGIS\Projects\Arizona_Geologic_Map\LakeMaryVectors.gdb\Roads_closed,loaddate,-1,-1,C:\Users\rylim\Documents\ArcGIS\Projects\Arizona_Geologic_Map\LakeMaryVectors.gdb\Roads_4WD,loaddate,-1,-1;interstate "Interstate" true true false 25 Text 0 0,First,#,C:\Users\rylim\Documents\ArcGIS\Projects\Arizona_Geologic_Map\LakeMaryVectors.gdb\Roads_Local,interstate,0,24,C:\Users\rylim\Documents\ArcGIS\Projects\Arizona_Geologic_Map\LakeMaryVectors.gdb\Roads_closed,interstate,0,24,C:\Users\rylim\Documents\ArcGIS\Projects\Arizona_Geologic_Map\LakeMaryVectors.gdb\Roads_4WD,interstate,0,24;us_route "US_Route" true true false 25 Text 0 0,First,#,C:\Users\rylim\Documents\ArcGIS\Projects\Arizona_Geologic_Map\LakeMaryVectors.gdb\Roads_Local,us_route,0,24,C:\Users\rylim\Documents\ArcGIS\Projects\Arizona_Geologic_Map\LakeMaryVectors.gdb\Roads_closed,us_route,0,24,C:\Users\rylim\Documents\ArcGIS\Projects\Arizona_Geologic_Map\LakeMaryVectors.gdb\Roads_4WD,us_route,0,24;state_route "State_Route" true true false 25 Text 0 0,First,#,C:\Users\rylim\Documents\ArcGIS\Projects\Arizona_Geologic_Map\LakeMaryVectors.gdb\Roads_Local,state_route,0,24,C:\Users\rylim\Documents\ArcGIS\Projects\Arizona_Geologic_Map\LakeMaryVectors.gdb\Roads_closed,state_route,0,24,C:\Users\rylim\Documents\ArcGIS\Projects\Arizona_Geologic_Map\LakeMaryVectors.gdb\Roads_4WD,state_route,0,24;county_route "County_Route" true true false 25 Text 0 0,First,#,C:\Users\rylim\Documents\ArcGIS\Projects\Arizona_Geologic_Map\LakeMaryVectors.gdb\Roads_Local,county_route,0,24,C:\Users\rylim\Documents\ArcGIS\Projects\Arizona_Geologic_Map\LakeMaryVectors.gdb\Roads_closed,county_route,0,24,C:\Users\rylim\Documents\ArcGIS\Projects\Arizona_Geologic_Map\LakeMaryVectors.gdb\Roads_4WD,county_route,0,24;federal_lands_route "Federal_Lands_Route" true true false 25 Text 0 0,First,#,C:\Users\rylim\Documents\ArcGIS\Projects\Arizona_Geologic_Map\LakeMaryVectors.gdb\Roads_Local,federal_lands_route,0,24,C:\Users\rylim\Documents\ArcGIS\Projects\Arizona_Geologic_Map\LakeMaryVectors.gdb\Roads_closed,federal_lands_route,0,24,C:\Users\rylim\Documents\ArcGIS\Projects\Arizona_Geologic_Map\LakeMaryVectors.gdb\Roads_4WD,federal_lands_route,0,24;stco_fipscode "StCo_FIPSCode" true true false 5 Text 0 0,First,#,C:\Users\rylim\Documents\ArcGIS\Projects\Arizona_Geologic_Map\LakeMaryVectors.gdb\Roads_Local,stco_fipscode,0,4,C:\Users\rylim\Documents\ArcGIS\Projects\Arizona_Geologic_Map\LakeMaryVectors.gdb\Roads_closed,stco_fipscode,0,4,C:\Users\rylim\Documents\ArcGIS\Projects\Arizona_Geologic_Map\LakeMaryVectors.gdb\Roads_4WD,stco_fipscode,0,4;tnmfrc "TNMFRC" true true false 4 Long 0 0,First,#,C:\Users\rylim\Documents\ArcGIS\Projects\Arizona_Geologic_Map\LakeMaryVectors.gdb\Roads_Local,tnmfrc,-1,-1,C:\Users\rylim\Documents\ArcGIS\Projects\Arizona_Geologic_Map\LakeMaryVectors.gdb\Roads_closed,tnmfrc,-1,-1,C:\Users\rylim\Documents\ArcGIS\Projects\Arizona_Geologic_Map\LakeMaryVectors.gdb\Roads_4WD,tnmfrc,-1,-1;mtfcc_code "MTFCC_Code" true true false 50 Text 0 0,First,#,C:\Users\rylim\Documents\ArcGIS\Projects\Arizona_Geologic_Map\LakeMaryVectors.gdb\Roads_Local,mtfcc_code,0,49,C:\Users\rylim\Documents\ArcGIS\Projects\Arizona_Geologic_Map\LakeMaryVectors.gdb\Roads_closed,mtfcc_code,0,49,C:\Users\rylim\Documents\ArcGIS\Projects\Arizona_Geologic_Map\LakeMaryVectors.gdb\Roads_4WD,mtfcc_code,0,49;interstate_a "Interstate_A" true true false 25 Text 0 0,First,#,C:\Users\rylim\Documents\ArcGIS\Projects\Arizona_Geologic_Map\LakeMaryVectors.gdb\Roads_Local,interstate_a,0,24,C:\Users\rylim\Documents\ArcGIS\Projects\Arizona_Geologic_Map\LakeMaryVectors.gdb\Roads_closed,interstate_a,0,24,C:\Users\rylim\Documents\ArcGIS\Projects\Arizona_Geologic_Map\LakeMaryVectors.gdb\Roads_4WD,interstate_a,0,24;interstate_b "Interstate_B" true true false 25 Text 0 0,First,#,C:\Users\rylim\Documents\ArcGIS\Projects\Arizona_Geologic_Map\LakeMaryVectors.gdb\Roads_Local,interstate_b,0,24,C:\Users\rylim\Documents\ArcGIS\Projects\Arizona_Geologic_Map\LakeMaryVectors.gdb\Roads_closed,interstate_b,0,24,C:\Users\rylim\Documents\ArcGIS\Projects\Arizona_Geologic_Map\LakeMaryVectors.gdb\Roads_4WD,interstate_b,0,24;interstate_c "Interstate_C" true true false 25 Text 0 0,First,#,C:\Users\rylim\Documents\ArcGIS\Projects\Arizona_Geologic_Map\LakeMaryVectors.gdb\Roads_Local,interstate_c,0,24,C:\Users\rylim\Documents\ArcGIS\Projects\Arizona_Geologic_Map\LakeMaryVectors.gdb\Roads_closed,interstate_c,0,24,C:\Users\rylim\Documents\ArcGIS\Projects\Arizona_Geologic_Map\LakeMaryVectors.gdb\Roads_4WD,interstate_c,0,24;us_route_a "US_Route_A" true true false 25 Text 0 0,First,#,C:\Users\rylim\Documents\ArcGIS\Projects\Arizona_Geologic_Map\LakeMaryVectors.gdb\Roads_Local,us_route_a,0,24,C:\Users\rylim\Documents\ArcGIS\Projects\Arizona_Geologic_Map\LakeMaryVectors.gdb\Roads_closed,us_route_a,0,24,C:\Users\rylim\Documents\ArcGIS\Projects\Arizona_Geologic_Map\LakeMaryVectors.gdb\Roads_4WD,us_route_a,0,24;us_route_b "US_Route_B" true true false 25 Text 0 0,First,#,C:\Users\rylim\Documents\ArcGIS\Projects\Arizona_Geologic_Map\LakeMaryVectors.gdb\Roads_Local,us_route_b,0,24,C:\Users\rylim\Documents\ArcGIS\Projects\Arizona_Geologic_Map\LakeMaryVectors.gdb\Roads_closed,us_route_b,0,24,C:\Users\rylim\Documents\ArcGIS\Projects\Arizona_Geologic_Map\LakeMaryVectors.gdb\Roads_4WD,us_route_b,0,24;us_route_c "US_Route_C" true true false 25 Text 0 0,First,#,C:\Users\rylim\Documents\ArcGIS\Projects\Arizona_Geologic_Map\LakeMaryVectors.gdb\Roads_Local,us_route_c,0,24,C:\Users\rylim\Documents\ArcGIS\Projects\Arizona_Geologic_Map\LakeMaryVectors.gdb\Roads_closed,us_route_c,0,24,C:\Users\rylim\Documents\ArcGIS\Projects\Arizona_Geologic_Map\LakeMaryVectors.gdb\Roads_4WD,us_route_c,0,24;state_route_a "State_Route_A" true true false 25 Text 0 0,First,#,C:\Users\rylim\Documents\ArcGIS\Projects\Arizona_Geologic_Map\LakeMaryVectors.gdb\Roads_Local,state_route_a,0,24,C:\Users\rylim\Documents\ArcGIS\Projects\Arizona_Geologic_Map\LakeMaryVectors.gdb\Roads_closed,state_route_a,0,24,C:\Users\rylim\Documents\ArcGIS\Projects\Arizona_Geologic_Map\LakeMaryVectors.gdb\Roads_4WD,state_route_a,0,24;state_route_b "State_Route_B" true true false 25 Text 0 0,First,#,C:\Users\rylim\Documents\ArcGIS\Projects\Arizona_Geologic_Map\LakeMaryVectors.gdb\Roads_Local,state_route_b,0,24,C:\Users\rylim\Documents\ArcGIS\Projects\Arizona_Geologic_Map\LakeMaryVectors.gdb\Roads_closed,state_route_b,0,24,C:\Users\rylim\Documents\ArcGIS\Projects\Arizona_Geologic_Map\LakeMaryVectors.gdb\Roads_4WD,state_route_b,0,24;state_route_c "State_Route_C" true true false 25 Text 0 0,First,#,C:\Users\rylim\Documents\ArcGIS\Projects\Arizona_Geologic_Map\LakeMaryVectors.gdb\Roads_Local,state_route_c,0,24,C:\Users\rylim\Documents\ArcGIS\Projects\Arizona_Geologic_Map\LakeMaryVectors.gdb\Roads_closed,state_route_c,0,24,C:\Users\rylim\Documents\ArcGIS\Projects\Arizona_Geologic_Map\LakeMaryVectors.gdb\Roads_4WD,state_route_c,0,24;name "Name" true true false 100 Text 0 0,First,#,C:\Users\rylim\Documents\ArcGIS\Projects\Arizona_Geologic_Map\LakeMaryVectors.gdb\Roads_Local,name,0,99,C:\Users\rylim\Documents\ArcGIS\Projects\Arizona_Geologic_Map\LakeMaryVectors.gdb\Roads_closed,name,0,99,C:\Users\rylim\Documents\ArcGIS\Projects\Arizona_Geologic_Map\LakeMaryVectors.gdb\Roads_4WD,name,0,99;Shape_Length "Shape_Length" false true true 8 Double 0 0,First,#,C:\Users\rylim\Documents\ArcGIS\Projects\Arizona_Geologic_Map\LakeMaryVectors.gdb\Roads_Local,Shape_Length,-1,-1,C:\Users\rylim\Documents\ArcGIS\Projects\Arizona_Geologic_Map\LakeMaryVectors.gdb\Roads_closed,Shape_Length,-1,-1,C:\Users\rylim\Documents\ArcGIS\Projects\Arizona_Geologic_Map\LakeMaryVectors.gdb\Roads_4WD,Shape_Length,-1,-1" NO_SOURCE_INFO</Process><Process ToolSource="c:\program files\arcgis\pro\Resources\ArcToolbox\toolboxes\Data Management Tools.tbx\CopyFeatures" Date="20240827" Time="124155">CopyFeatures Roads_All C:\Users\rylim\Documents\GitHub\ATUR-KARST\data\vectors\Roads_All.shp # # # #</Process></lineage></DataProperties><SyncDate>20240827</SyncDate><SyncTime>12415500</SyncTime><ModDate>20240827</ModDate><ModTime>12415500</ModTime></Esri><dataIdInfo><envirDesc Sync="TRUE">Microsoft Windows 10 Version 10.0 (Build 22631) ; Esri ArcGIS 13.2.2.49743</envirDesc><dataLang><languageCode value="eng" Sync="TRUE"></languageCode><countryCode value="USA" Sync="TRUE"></countryCode></dataLang><idCitation><resTitle Sync="TRUE">Roads_All</resTitle><presForm><PresFormCd value="005" Sync="TRUE"></PresFormCd></presForm></idCitation><spatRpType><SpatRepTypCd value="001" Sync="TRUE"></SpatRepTypCd></spatRpType></dataIdInfo><mdLang><languageCode value="eng" Sync="TRUE"></languageCode><countryCode value="USA" Sync="TRUE"></countryCode></mdLang><mdChar><CharSetCd value="004" Sync="TRUE"></CharSetCd></mdChar><distInfo><distFormat><formatName Sync="TRUE">Shapefile</formatName></distFormat><distTranOps><transSize Sync="TRUE">0.000</transSize></distTranOps></distInfo><mdHrLv><ScopeCd value="005" Sync="TRUE"></ScopeCd></mdHrLv><mdHrLvName Sync="TRUE">dataset</mdHrLvName><refSysInfo><RefSystem><refSysID><identCode code="6341" Sync="TRUE"></identCode><idCodeSpace Sync="TRUE">EPSG</idCodeSpace><idVersion Sync="TRUE">8.2.2(10.2.1)</idVersion></refSysID></RefSystem></refSysInfo><spatRepInfo><VectSpatRep><geometObjs Name="Roads_All"><geoObjTyp><GeoObjTypCd value="002" Sync="TRUE"></GeoObjTypCd></geoObjTyp><geoObjCnt Sync="TRUE">0</geoObjCnt></geometObjs><topLvl><TopoLevCd value="001" Sync="TRUE"></TopoLevCd></topLvl></VectSpatRep></spatRepInfo><spdoinfo><ptvctinf><esriterm Name="Roads_All"><efeatyp Sync="TRUE">Simple</efeatyp><efeageom code="3" Sync="TRUE"></efeageom><esritopo Sync="TRUE">FALSE</esritopo><efeacnt Sync="TRUE">0</efeacnt><spindex Sync="TRUE">FALSE</spindex><linrefer Sync="TRUE">TRUE</linrefer></esriterm></ptvctinf></spdoinfo><eainfo><detailed Name="Roads_All"><enttyp><enttypl Sync="TRUE">Roads_All</enttypl><enttypt Sync="TRUE">Feature Class</enttypt><enttypc Sync="TRUE">0</enttypc></enttyp><attr><attrlabl Sync="TRUE">FID</attrlabl><attalias Sync="TRUE">FID</attalias><attrtype Sync="TRUE">OID</attrtype><attwidth Sync="TRUE">4</attwidth><atprecis Sync="TRUE">0</atprecis><attscale Sync="TRUE">0</attscale><attrdef Sync="TRUE">Internal feature number.</attrdef><attrdefs Sync="TRUE">Esri</attrdefs><attrdomv><udom Sync="TRUE">Sequential unique whole numbers that are automatically generated.</udom></attrdomv></attr><attr><attrlabl Sync="TRUE">Shape</attrlabl><attalias Sync="TRUE">Shape</attalias><attrtype Sync="TRUE">Geometry</attrtype><attwidth Sync="TRUE">0</attwidth><atprecis Sync="TRUE">0</atprecis><attscale Sync="TRUE">0</attscale><attrdef Sync="TRUE">Feature geometry.</attrdef><attrdefs Sync="TRUE">Esri</attrdefs><attrdomv><udom Sync="TRUE">Coordinates defining the features.</udom></attrdomv></attr><attr><attrlabl Sync="TRUE">permanent_</attrlabl><attalias Sync="TRUE">permanent_</attalias><attrtype Sync="TRUE">String</attrtype><attwidth Sync="TRUE">40</attwidth><atprecis Sync="TRUE">0</atprecis><attscale Sync="TRUE">0</attscale></attr><attr><attrlabl Sync="TRUE">source_fea</attrlabl><attalias Sync="TRUE">source_fea</attalias><attrtype Sync="TRUE">String</attrtype><attwidth Sync="TRUE">40</attwidth><atprecis Sync="TRUE">0</atprecis><attscale Sync="TRUE">0</attscale></attr><attr><attrlabl Sync="TRUE">source_dat</attrlabl><attalias Sync="TRUE">source_dat</attalias><attrtype Sync="TRUE">String</attrtype><attwidth Sync="TRUE">40</attwidth><atprecis Sync="TRUE">0</atprecis><attscale Sync="TRUE">0</attscale></attr><attr><attrlabl Sync="TRUE">source_d_1</attrlabl><attalias Sync="TRUE">source_d_1</attalias><attrtype Sync="TRUE">String</attrtype><attwidth Sync="TRUE">100</attwidth><atprecis Sync="TRUE">0</atprecis><attscale Sync="TRUE">0</attscale></attr><attr><attrlabl Sync="TRUE">source_ori</attrlabl><attalias Sync="TRUE">source_ori</attalias><attrtype Sync="TRUE">String</attrtype><attwidth Sync="TRUE">130</attwidth><atprecis Sync="TRUE">0</atprecis><attscale Sync="TRUE">0</attscale></attr><attr><attrlabl Sync="TRUE">loaddate</attrlabl><attalias Sync="TRUE">loaddate</attalias><attrtype Sync="TRUE">Date</attrtype><attwidth Sync="TRUE">8</attwidth><atprecis Sync="TRUE">0</atprecis><attscale Sync="TRUE">0</attscale></attr><attr><attrlabl Sync="TRUE">interstate</attrlabl><attalias Sync="TRUE">interstate</attalias><attrtype Sync="TRUE">String</attrtype><attwidth Sync="TRUE">25</attwidth><atprecis Sync="TRUE">0</atprecis><attscale Sync="TRUE">0</attscale></attr><attr><attrlabl Sync="TRUE">us_route</attrlabl><attalias Sync="TRUE">us_route</attalias><attrtype Sync="TRUE">String</attrtype><attwidth Sync="TRUE">25</attwidth><atprecis Sync="TRUE">0</atprecis><attscale Sync="TRUE">0</attscale></attr><attr><attrlabl Sync="TRUE">state_rout</attrlabl><attalias Sync="TRUE">state_rout</attalias><attrtype Sync="TRUE">String</attrtype><attwidth Sync="TRUE">25</attwidth><atprecis Sync="TRUE">0</atprecis><attscale Sync="TRUE">0</attscale></attr><attr><attrlabl Sync="TRUE">county_rou</attrlabl><attalias Sync="TRUE">county_rou</attalias><attrtype Sync="TRUE">String</attrtype><attwidth Sync="TRUE">25</attwidth><atprecis Sync="TRUE">0</atprecis><attscale Sync="TRUE">0</attscale></attr><attr><attrlabl Sync="TRUE">federal_la</attrlabl><attalias Sync="TRUE">federal_la</attalias><attrtype Sync="TRUE">String</attrtype><attwidth Sync="TRUE">25</attwidth><atprecis Sync="TRUE">0</atprecis><attscale Sync="TRUE">0</attscale></attr><attr><attrlabl Sync="TRUE">stco_fipsc</attrlabl><attalias Sync="TRUE">stco_fipsc</attalias><attrtype Sync="TRUE">String</attrtype><attwidth Sync="TRUE">5</attwidth><atprecis Sync="TRUE">0</atprecis><attscale Sync="TRUE">0</attscale></attr><attr><attrlabl Sync="TRUE">tnmfrc</attrlabl><attalias Sync="TRUE">tnmfrc</attalias><attrtype Sync="TRUE">Integer</attrtype><attwidth Sync="TRUE">10</attwidth><atprecis Sync="TRUE">10</atprecis><attscale Sync="TRUE">0</attscale></attr><attr><attrlabl Sync="TRUE">mtfcc_code</attrlabl><attalias Sync="TRUE">mtfcc_code</attalias><attrtype Sync="TRUE">String</attrtype><attwidth Sync="TRUE">50</attwidth><atprecis Sync="TRUE">0</atprecis><attscale Sync="TRUE">0</attscale></attr><attr><attrlabl Sync="TRUE">intersta_1</attrlabl><attalias Sync="TRUE">intersta_1</attalias><attrtype Sync="TRUE">String</attrtype><attwidth Sync="TRUE">25</attwidth><atprecis Sync="TRUE">0</atprecis><attscale Sync="TRUE">0</attscale></attr><attr><attrlabl Sync="TRUE">intersta_2</attrlabl><attalias Sync="TRUE">intersta_2</attalias><attrtype Sync="TRUE">String</attrtype><attwidth Sync="TRUE">25</attwidth><atprecis Sync="TRUE">0</atprecis><attscale Sync="TRUE">0</attscale></attr><attr><attrlabl Sync="TRUE">intersta_3</attrlabl><attalias Sync="TRUE">intersta_3</attalias><attrtype Sync="TRUE">String</attrtype><attwidth Sync="TRUE">25</attwidth><atprecis Sync="TRUE">0</atprecis><attscale Sync="TRUE">0</attscale></attr><attr><attrlabl Sync="TRUE">us_route_a</attrlabl><attalias Sync="TRUE">us_route_a</attalias><attrtype Sync="TRUE">String</attrtype><attwidth Sync="TRUE">25</attwidth><atprecis Sync="TRUE">0</atprecis><attscale Sync="TRUE">0</attscale></attr><attr><attrlabl Sync="TRUE">us_route_b</attrlabl><attalias Sync="TRUE">us_route_b</attalias><attrtype Sync="TRUE">String</attrtype><attwidth Sync="TRUE">25</attwidth><atprecis Sync="TRUE">0</atprecis><attscale Sync="TRUE">0</attscale></attr><attr><attrlabl Sync="TRUE">us_route_c</attrlabl><attalias Sync="TRUE">us_route_c</attalias><attrtype Sync="TRUE">String</attrtype><attwidth Sync="TRUE">25</attwidth><atprecis Sync="TRUE">0</atprecis><attscale Sync="TRUE">0</attscale></attr><attr><attrlabl Sync="TRUE">state_ro_1</attrlabl><attalias Sync="TRUE">state_ro_1</attalias><attrtype Sync="TRUE">String</attrtype><attwidth Sync="TRUE">25</attwidth><atprecis Sync="TRUE">0</atprecis><attscale Sync="TRUE">0</attscale></attr><attr><attrlabl Sync="TRUE">state_ro_2</attrlabl><attalias Sync="TRUE">state_ro_2</attalias><attrtype Sync="TRUE">String</attrtype><attwidth Sync="TRUE">25</attwidth><atprecis Sync="TRUE">0</atprecis><attscale Sync="TRUE">0</attscale></attr><attr><attrlabl Sync="TRUE">state_ro_3</attrlabl><attalias Sync="TRUE">state_ro_3</attalias><attrtype Sync="TRUE">String</attrtype><attwidth Sync="TRUE">25</attwidth><atprecis Sync="TRUE">0</atprecis><attscale Sync="TRUE">0</attscale></attr><attr><attrlabl Sync="TRUE">name</attrlabl><attalias Sync="TRUE">name</attalias><attrtype Sync="TRUE">String</attrtype><attwidth Sync="TRUE">100</attwidth><atprecis Sync="TRUE">0</atprecis><attscale Sync="TRUE">0</attscale></attr><attr><attrlabl Sync="TRUE">Shape_Leng</attrlabl><attalias Sync="TRUE">Shape_Leng</attalias><attrtype Sync="TRUE">Double</attrtype><attwidth Sync="TRUE">19</attwidth><atprecis Sync="TRUE">0</atprecis><attscale Sync="TRUE">0</attscale></attr></detailed></eainfo><mdDateSt Sync="TRUE">20240827</mdDateSt></metadata>
